AGENT_IMAGE, DISABLE_LOG_TRACKING, DISABLE_PYTHON_LOG_TRACKING, LOG_WRITER_REPLICAS, allup_pod_cpu_agg, allup_pod_mem_agg, cpu_usage_fbit_agg, cpu_usage_fluentd_supervisor_agg, cpu_usage_fluentd_worker_agg, cpu_usage_mdsd_agg, cpu_usage_python_agg, cpu_usage_telegraf_agg, disk_kb_read_per_sec_agg, disk_kb_write_per_sec_agg, disk_reads_per_sec_agg, disk_writes_per_sec_agg, mem_usage_fbit_agg, mem_usage_fluentd_supervisor_agg, mem_usage_fluentd_worker_agg, mem_usage_mdsd_agg, mem_usage_python_agg, mem_usage_telegraf_agg, kusto_bytes_lost_per_minute, kusto_bytes_sent_per_minute
davidmichelman/countrotations:v62, true, true, 20, 203.92842576541017, 398.1425727553052, 14.12141848470108, 0.5999995714288775, 1.6714273775518733, 4.578568158165601, 0.0, 0.19999985714295923, 46.32139548471752, 828.2108369922593, 2.434283975511446, 45.93282433369691, 140431.32826333697, 46626.82383798297, 49306.53620961699, 100548.21389413293, 0.0, 76081.0885135082, 1282.1390374331552, 109877917.86096257
davidmichelman/countrotations:v62, false, true, 70, 488.4996510716778, 669.7138073472805, 27.507123209197704, 0.6857137959187174, 3.1928548622465267, 14.292846933680762, 0.0, 0.24999875000624996, 45.582824583696734, 896.9422164698456, 2.3949982892869364, 47.90639435257547, 291741.50589892437, 38538.82961512171, 64200.23985697153, 215945.27432480405, 0.0, 77055.6147219264, 35179265.92844974, 316453066.7120954
davidmichelman/countrotations:v62, false, false, 50, 483.64251168392025, 584.42815397989, 27.52855176532017, 0.6571423877554374, 2.5642838826543697, 12.771419448986107, 0.1999998571429592, 0.2071427091837792, 44.814967989308585, 994.5178610586707, 2.3549983178583447, 50.63210669135237, 211057.27781623014, 51835.96297431216, 78555.37246044824, 190932.4350482607, 16299.416928987908, 75765.08873922234, 86888.23140495867, 260841111.76859504
davidmichelman/countrotations:v62, false, true, 50, 397.5711445920396, 585.4281532656048, 21.814270132664195, 0.7071423520411774, 2.6214266989809296, 12.314276918373631, 0.0, 0.2071427091837792, 44.09782564441025, 1072.1320913342204, 2.31785548724608, 52.93496218931272, 215659.8459572529, 38607.97242287684, 56846.81653798819, 180695.01378927586, 0.0, 76737.08804493712, 0.0, 9180000.0
davidmichelman/countrotations:v62, true, true, 50, 459.0711006634995, 563.2853119390629, 26.578552443891112, 0.7285709081636372, 2.5928552908176496, 12.535705331639049, 0.0, 0.2071427091837792, 43.42711183777727, 1144.5456110388493, 2.282141227041981, 55.19353200462, 210991.5635774546, 39395.9718600201, 58837.672258805535, 179854.72867519382, 0.0, 80681.08522779627, 112256.96864111499, 260815638.50174215
davidmichelman/countrotations:v62, true, false, 1, 96.78564515311061, 340.9283279083372, 1.8714272346948326, 0.707142352041177, 1.3142847755108749, 0.5785710153064176, 0.0, 0.14285704081639944, 42.78639800971571, 1180.405585424582, 2.2492841076542094, 56.38353115462061, 111518.20605842424, 39203.4005689996, 47263.39481186085, 49918.535772474446, 6387.995437146116, 76649.37382187584, 8068.846153846153, 14190753.461538462
davidmichelman/countrotations:v62, true, false, 20, 207.07128066337097, 439.14254346961184, 13.807132994905002, 0.6357138316329773, 1.571427448980394, 4.70713949490036, 0.0999999285714796, 0.14999989285721943, 42.11925562910313, 1186.5241524827484, 2.2128555622460273, 56.7371023306412, 153956.17574558876, 38723.40091185649, 48729.96519288201, 97347.93046576396, 6487.9953657175965, 74023.3756975888, 1597.1473354231975, 109877602.85266457
davidmichelman/countrotations:v62, false, false, 20, 216.42841683684512, 424.9996964287883, 14.264275525517482, 0.5642853112247778, 1.5785703010212138, 4.67856808673708, 0.0999999285714796, 0.14999989285721943, 41.47139894900075, 1210.5669924521483, 2.1792841576541737, 57.42924469339664, 149765.89302436213, 41825.97012430705, 48934.82218941272, 97940.50147107038, 6315.995488574651, 81302.22764126597, 1574.9304482225657, 109636382.7820711
mcr.microsoft.com/azuremonitor/containerinsights/ciprod:ciprod10132021, true, true, 20, 194.57128959193602, 446.2853955104318, 14.164275596946004, 0.5285710510206779, 1.6642845255110532, 4.56428245408396, 0.0, 0.23571411734705913, 0.0, 0.0, 0.0, 0.0, 160954.1707470209, 38671.97237716259, 52436.24825982267, 95126.2177669873, 0.0, 78275.65837452974, 1542.636655948553, 109511657.170418
davidmichelman/countrotations:v62, false, false, 70, 487.6425088267794, 676.5709453064677, 28.057122816340847, 0.6214281275513376, 3.171426306124067, 13.764275882660083, 0.29999978571443875, 0.1999998571429592, 43.20782628012408, 1295.0655035246402, 2.199998428572551, 59.93138576329589, 270222.6641266685, 38789.97229287693, 60636.528116765636, 207513.2803476569, 6427.995408574709, 78531.94390575435, 64177722.50000001, 283594100.35714287
davidmichelman/countrotations:v62, false, true, 10, 141.99989857150103, 396.0711456634674, 8.778565158167744, 0.5571424591839578, 1.3999990000007139, 2.44285539796043, 0.0, 0.15714274489803937, 42.55354103318498, 1355.3926032909976, 2.167141309184779, 61.601384570439606, 118034.20140414186, 38939.97218573416, 46714.82377512588, 72115.09134636332, 0.0, 74293.08979065015, 582.8849270664506, 59529017.115072936
mcr.microsoft.com/azuremonitor/containerinsights/ciprod:ciprod10132021, true, true, 60, 471.99966285738367, 677.9280871942234, 27.514266061238526, 0.6857137959187174, 2.821426556123888, 14.521418198987002, 0.0, 0.2071427091837792, 0.0, 0.0, 0.0, 0.0, 286066.08138137043, 66170.23844982967, 84162.51131249192, 247550.394606861, 0.0, 75354.517603916, 1867164.0552995391, 309468626.54377884
davidmichelman/countrotations:v62, true, false, 60, 484.35679688800224, 655.570960306457, 26.949980750013747, 0.6428566836737976, 2.7857122959197884, 14.88570365306882, 0.29999978571443875, 0.2071427091837792, 41.26711338063329, 1478.6268009808566, 2.1014270704092355, 64.92495362503314, 263334.9547607466, 57172.816305131215, 70953.37789044436, 212890.7050780678, 6527.995337146188, 78126.51562391741, 326290.5934718101, 310802615.5192879
davidmichelman/countrotations:v62, false, false, 1, 42.07139852042963, 314.2854897960787, 2.0285699795928718, 0.5571424591839578, 1.2928562193884148, 0.47857108673493814, 0.0, 0.1999998571429592, 40.66425666838809, 1519.1789148722037, 2.0714270918377915, 66.04280996942146, 99052.50067678523, 38671.97237716259, 45523.39605471711, 46385.68115308489, 9030.564978167873, 71191.37772044449, 282.1316614420063, 14135760.0
davidmichelman/countrotations:v62, true, false, 40, 390.571149592036, 541.499613214562, 24.335696903073643, 0.5428567551023178, 2.1142842040827117, 10.221421270413378, 0.1999998571429592, 0.22857126530623914, 40.0928285051225, 1533.7596187431293, 2.0414271132663475, 66.46638109544209, 191148.14917989346, 45750.25303553355, 65118.23920125772, 143791.89729150193, 6515.995345717611, 75008.51785105868, 109874.8406676783, 210466615.0834598
davidmichelman/countrotations:v62, true, true, 90, 474.78537515330345, 665.6423816840131, 29.3642647398109, 0.6071424234696975, 4.185711295920504, 11.321420484699656, 0.0, 0.2071427091837792, 39.49140036328546, 1618.340986899295, 2.0114271346949035, 69.052807819423, 293379.2190148436, 39207.97199430572, 64637.38240186971, 185392.1532913191, 0.0, 75374.5175896303, 228878762.49999997, 196849180.0
davidmichelman/countrotations:v62, true, false, 10, 134.99990357149744, 369.3568790308007, 8.914279346943324, 0.5428567551023178, 1.3285704795925144, 2.42856969387879, 0.057142816326559764, 0.14999989285721943, 38.93425790410149, 1683.5295117646344, 1.983570011735706, 70.85423510411779, 116244.48839679401, 39933.114333489764, 48240.82268512665, 76717.37377330445, 6419.99541428899, 76417.08827350837, 1225.188679245283, 59528374.81132076
davidmichelman/countrotations:v62, false, false, 10, 123.5713403061855, 374.7140180614157, 9.014279275514806, 0.5785710153064176, 1.3785704438782542, 2.62856955102175, 0.0999999285714796, 0.2071427091837792, 38.43211540563185, 1683.7909401493282, 1.957855744388754, 70.9092350648321, 126364.48116822774, 39948.54289389793, 48378.25115839203, 75740.23161412028, 6375.995445717539, 70844.52082534228, 650.9767441860465, 59489918.325581394
davidmichelman/countrotations:v62, false, false, 40, 406.64256668388094, 571.8567343880469, 24.72855376531874, 0.6071424234696974, 2.0142842755112316, 10.092849933678616, 0.1999998571429592, 0.2071427091837792, 37.917830058692815, 1702.9737835901542, 1.9314271918377202, 71.4728060908528, 187111.58063458526, 39015.97213144848, 62801.097999215715, 148403.89399721858, 6431.995405717567, 80087.94279432658, 2260.4524886877825, 210576049.14027148
davidmichelman/countrotations:v62, true, true, 10, 137.14275918374344, 392.9997192859148, 8.457136816330845, 0.6571423877554372, 1.449998964286454, 2.51428391836863, 0.0, 0.1999998571429592, 37.418544701039494, 1726.9951950034317, 1.9064272096948498, 72.1899484357511, 116801.34514189632, 38608.54385104011, 48260.25124267769, 94242.21839841543, 0.0, 77403.94471146807, 107153.77633711508, 59414285.834683955
davidmichelman/countrotations:v62, false, true, 80, 472.5710910206493, 675.7852315819774, 29.1856934387904, 0.6428566836737976, 3.5714260204099855, 12.32856262245527, 0.0, 0.22142841326541918, 36.93068790665149, 1771.9365914738632, 1.88142722755198, 73.43851897248646, 269184.09343993326, 48027.10855206532, 66585.9524386054, 169594.45028967838, 0.0, 78617.37241616256, 169867000.0, 222716250.0
davidmichelman/countrotations:v62, false, false, 80, 482.3567983165726, 649.49953607176, 29.221407698994504, 0.5857138673472376, 3.842854397961144, 11.514277489801792, 0.3999997142859184, 0.1999998571429592, 36.39711685920225, 1870.0015214274847, 1.8549986750009468, 76.14423132554906, 295310.64620668127, 50091.96422002556, 60329.09976492874, 184744.72518233917, 29323.40762613741, 75878.80294371219, 164675891.33235726, 214826241.61054173
mcr.microsoft.com/azuremonitor/containerinsights/ciprod:ciprod10132021, true, true, 1, 37.99997076925325, 317.1536021895368, 1.4857132244905538, 0.6142852755105174, 1.3428561836741542, 0.5071424948982179, 0.0, 0.18571415306131928, 0.0, 0.0, 0.0, 0.0, 99430.50040678543, 38749.972321448346, 46534.823903697215, 58857.672244519825, 0.0, 71395.3775747303, 0.0, 14141871.870967742
davidmichelman/countrotations:v62, false, true, 90, 476.14251704105925, 682.4280839799401, 30.128549908178634, 0.6499995357146175, 3.957140030614264, 11.192849147964894, 0.0, 0.2071427091837792, 35.469974664303805, 1956.6636023831416, 1.807141566327453, 78.53208676279517, 305250.0676785231, 38743.40089757079, 62576.81244513397, 144375.89687435937, 0.0, 92510.79106372067, 242928507.82742682, 184882242.06471494
mcr.microsoft.com/azuremonitor/containerinsights/ciprod:ciprod10132021, true, true, 80, 478.71394377575444, 638.5709724493054, 29.12855062246384, 0.6142852755105175, 3.907140066328524, 11.685705938781473, 0.0, 0.2285712653062391, 0.0, 0.0, 0.0, 0.0, 294234.9326893338, 38619.97241430542, 63016.52641676685, 157778.45872967233, 0.0, 75973.66001881428, 177925296.05462822, 214106946.4643399
davidmichelman/countrotations:v62, false, true, 40, 401.28542765326597, 525.0710535206761, 24.849982250012676, 0.6071424234696974, 2.2071412806133712, 10.435706831637978, 0.0, 0.2071427091837792, 34.52854676532374, 2117.6027731408763, 1.7599987428580408, 83.30422621126698, 188135.2941890756, 39127.114909203636, 55847.960108599924, 151282.463369669, 0.0, 77171.6591631006, 153892.46511627908, 210423857.02325583
davidmichelman/countrotations:v62, false, true, 20, 213.35699045929255, 423.7139830614407, 14.56427531123192, 0.5928567193880575, 1.8071415663274524, 4.742853755104461, 0.0, 0.2071427091837792, 34.10926135052761, 2139.392757576602, 1.7378559015314992, 83.94636860973671, 138277.3298019073, 42998.826429409695, 50295.106932066476, 99751.92874862232, 0.0, 76618.23098697787, 2277.355623100304, 109861527.72036473
mcr.microsoft.com/azuremonitor/containerinsights/ciprod:ciprod10132021, true, true, 90, 490.2139355614746, 651.0709635207404, 30.28569265307668, 0.5999995714288775, 4.099997071430663, 10.935706474495376, 0.0, 0.257142673469519, 0.0, 0.0, 0.0, 0.0, 318170.91559220315, 38707.97235144832, 63891.09722064484, 149651.3216776274, 0.0, 93496.21893127219, 252357344.38356167, 177702723.92694065
davidmichelman/countrotations:v62, true, false, 80, 484.71393949004323, 647.4995375003303, 28.685693795933002, 0.6357138316329775, 3.8071401377570444, 12.214276989802151, 0.3999997142859184, 0.23571411734705913, 33.23211911991491, 2277.540516042489, 1.6949987892865794, 87.60136599902431, 281236.3705454496, 55999.10285778368, 64527.95390860435, 173252.73339090473, 6507.995351431892, 90963.64931167907, 152158212.73255813, 223079287.7616279
davidmichelman/countrotations:v62, true, true, 80, 476.49965964310024, 678.142372755448, 28.514265346953323, 0.5928567193880575, 3.7428544693896644, 12.878562229598407, 0.0, 0.1999998571429592, 32.79854800103714, 2361.307599066001, 1.6735702331641198, 89.9263643383112, 296744.3594683147, 38963.97216859131, 62741.09804207283, 163987.88286579796, 0.0, 73616.51884534369, 148954117.63803682, 236086179.57055214
davidmichelman/countrotations:v62, false, false, 90, 489.99951000049003, 657.7993422006579, 28.722190308677437, 0.7333325185194239, 5.066661037043294, 10.81109909877878, 0.44444395061783265, 0.2222219753089163, 32.41796758203242, 2439.371560628439, 1.653998346001654, 92.28090771909228, 319324.97852780164, 38963.95670671477, 63371.485142794285, 179375.35624960417, 6455.992826674637, 106738.99251223054, 187067031.42857143, 155168722.2857143
davidmichelman/countrotations:v62, true, true, 60, 494.2139327043338, 701.4280704085212, 27.23569483164655, 0.6142852755105176, 2.935712188777008, 15.13570347449752, 0.0, 0.1999998571429592, 32.04711996634288, 2506.9417807558707, 1.6349988321436908, 94.2585041010685, 265098.38207258424, 38779.972300019785, 61848.527251051964, 238583.25815481562, 0.0, 91574.79173229162, 682182.987804878, 310595417.0121951
davidmichelman/countrotations:v62, true, false, 90, 473.7853758675887, 631.1424063268527, 29.39283614797418, 0.5999995714288775, 4.149997035716403, 11.007134994903573, 0.4785710867349381, 0.21428556122459916, 31.638548829607977, 2577.1031592120294, 1.6149988464293954, 96.18493129647766, 281121.2277705516, 38584.82958226459, 63959.38288615509, 175782.1601555999, 6661.709527350337, 80438.22825840839, 215602790.08695653, 179998575.6521739
davidmichelman/countrotations:v62, true, false, 50, 495.1425034696404, 607.9281371941877, 28.09283707654495, 0.6071424234696977, 2.46428395408289, 13.621418841843685, 0.29999972727297514, 0.2071427091837792, 31.353052805344, 2711.6302218229066, 1.7361525106519147, 97.59069416100448, 172942.16218416987, 63241.097684930224, 69816.8072737091, 169977.30715906632, 6391.994189096192, 75647.08882350799, 108058729.6608616, 260871313.69385883
davidmichelman/countrotations:v62, true, true, 1, 42.99996928573623, 321.8569129593479, 1.6285702653069536, 0.6428566836737972, 1.449998964286454, 0.5714281632655976, 0.0, 0.2499998214286991, 31.35569188879151, 2956.487173937732, 2.184284154082747, 96.78350229749837, 109441.63611311707, 40637.11383063298, 47390.537578187446, 47979.39430043264, 0.0, 75870.80294942646, 0.0, 14142514.532374099
mcr.microsoft.com/azuremonitor/containerinsights/ciprod:ciprod10132021, true, true, 50, 482.99965500024643, 616.928130765621, 28.34283689797365, 0.6999995000003574, 2.621426698980929, 13.185704867353664, 0.0, 0.2071427091837792, 0.0, 0.0, 0.0, 0.0, 224727.55376603303, 38967.972165734165, 56268.5312367634, 171267.02052355677, 0.0, 75988.51715105918, 174926.93877551018, 260675905.40816325
davidmichelman/countrotations:v62, false, false, 60, 496.2853597961716, 636.2138312758348, 27.10712349491179, 0.785713724490197, 3.199997714287347, 14.614275275517663, 0.29999978571443875, 0.2071427091837792, 30.81283513368919, 2989.0721506627497, 2.1457127530623197, 98.09635850260105, 265490.6675066661, 58017.95855860103, 62743.955182889156, 219409.2718505201, 6483.995368574737, 76766.5165953453, 3491775.6650246303, 307032588.1773399
mcr.microsoft.com/azuremonitor/containerinsights/ciprod:ciprod10132021, true, true, 10, 98.4285011224992, 402.49971250020536, 8.242851255106245, 0.6857137959187172, 1.6285702653069536, 2.44999825000125, 0.0, 0.2285712653062391, 0.0, 0.0, 0.0, 0.0, 153889.03293640504, 40326.54262389812, 46627.96669430951, 85659.65310024779, 0.0, 74890.2322212627, 54569.032258064515, 59141171.61290322
davidmichelman/countrotations:v62, false, true, 1, 108.99992214291275, 322.9997692858791, 1.8071415663274524, 0.742856612245277, 1.4571418163272736, 0.5571424591839578, 0.0, 0.22142841326541915, 30.330692620933842, 2990.5242924826484, 2.112855633674547, 98.45492967505024, 96388.21686555939, 38456.258245529825, 49579.67887165795, 44110.25420696128, 0.0, 73017.3764161597, 0.0, 14105702.278481012
mcr.microsoft.com/azuremonitor/containerinsights/ciprod:ciprod10132021, true, true, 70, 475.2139462757527, 654.2852469391094, 28.18569415307561, 0.6857137959187174, 3.435711831634406, 13.214276275516948, 0.0, 0.21428556122459916, 0.0, 0.0, 0.0, 0.0, 293082.93351219036, 57844.53011104992, 64839.382257584104, 176530.4453353962, 0.0, 74281.08979922158, 74654916.22259697, 257841645.93591908
davidmichelman/countrotations:v62, true, false, 70, 482.21394127575627, 657.0709592350291, 27.65712310205493, 0.6857137959187174, 3.671425948981465, 13.292847647965965, 0.3857140102042785, 0.22142841326541915, 29.79569300307643, 3043.1785405867568, 2.0749985178582016, 100.2106427066838, 268100.37992830004, 55338.817615130276, 59173.6720188057, 187082.72351234037, 6419.99541428899, 76730.8023351412, 70067395.36184211, 263628257.26973686
davidmichelman/countrotations:v62, true, true, 70, 491.1425063267812, 699.5709288779079, 27.53569461736099, 0.7071423520411773, 3.571426020409986, 14.3071326377624, 0.0, 0.2071427091837792, 29.544978896443645, 3086.7413666133093, 2.0564271025520697, 101.53278461943955, 273415.8047029966, 39715.685917367206, 62490.8125065625, 215756.7030309264, 0.0, 103877.3543733183, 51342186.85714286, 282541658.21848744
mcr.microsoft.com/azuremonitor/containerinsights/ciprod:ciprod10132021, true, true, 40, 399.6425716838774, 531.9996200002714, 25.335696188788436, 0.6499995357146174, 2.5071410663278098, 10.864277954087175, 0.0, 0.1999998571429592, 0.0, 0.0, 0.0, 0.0, 218058.41567256025, 44877.11080206371, 57054.81638941687, 153159.89060007816, 0.0, 77132.23061983527, 107768.93835616439, 210470631.06164384
davidmichelman/countrotations:v62, false, true, 60, 477.14251632677406, 657.713815918703, 27.185694867360816, 0.7214280561228175, 3.2499976785730866, 14.564275311231919, 0.0, 0.2071427091837792, 29.177122016341414, 3139.0306149781327, 2.0235699831642973, 103.22278341229759, 289141.79347014753, 46708.53806532996, 62055.66996023575, 229891.2643633826, 0.0, 72922.80505513925, 10375614.0, 299426011.83870965
davidmichelman/countrotations:v62, true, true, 40, 413.3568476022517, 629.2852647962394, 24.735696617359558, 0.6357138316329775, 2.4857125102053503, 10.949992178577014, 0.0, 0.2071427091837792, 28.958550743892324, 3165.67345309039, 2.005712853062248, 104.07206851995103, 192907.2907805066, 39811.97156287746, 56761.673741661616, 150449.03539354616, 0.0, 74233.37554758889, 63922.385008517886, 210514477.6149915
AGENT_IMAGE, DISABLE_LOG_TRACKING, DISABLE_PYTHON_LOG_TRACKING, LOG_WRITER_REPLICAS, allup_pod_cpu_agg, allup_pod_mem_agg, cpu_usage_fbit_agg, cpu_usage_fluentd_supervisor_agg, cpu_usage_fluentd_worker_agg, cpu_usage_mdsd_agg, cpu_usage_python_agg, cpu_usage_telegraf_agg, disk_kb_read_per_sec_agg, disk_kb_write_per_sec_agg, disk_reads_per_sec_agg, disk_writes_per_sec_agg, mem_usage_fbit_agg, mem_usage_fluentd_supervisor_agg, mem_usage_fluentd_worker_agg, mem_usage_mdsd_agg, mem_usage_python_agg, mem_usage_telegraf_agg, kusto_bytes_lost_per_minute, kusto_bytes_sent_per_minute
davidmichelman/countrotations:v62, false, true, 50, 493.8995061004939, 648.8993511006489, 30.31815425622341, 0.8272719752072955, 2.9818154710768443, 13.818169256209767, 0.0, 0.26363612396716013, 13.934532786788376, 613.494896822821, 0.8899991909098266, 39.30996426366885, 213988.16910166445, 53498.86045558141, 59717.40025690886, 172348.57059220856, 0.0, 75153.7498602274, 11721125.42857143, 249206589.14285713
davidmichelman/countrotations:v62, false, true, 50, 498.85678653086677, 607.5709945921467, 28.349979750014462, 0.7285709081636372, 2.964283596940288, 12.364276882659372, 0.0, 0.2071427091837792, 13.885704367354023, 632.7409766135883, 0.8899993642861685, 39.87497151787749, 238774.11516134633, 54078.818515129635, 59531.6717630916, 161986.74143804185, 0.0, 75496.80321656914, 2792775.8571428573, 258135224.14285713
davidmichelman/countrotations:v62, false, true, 70, 471.999570909481, 633.9994236368876, 28.55451949589137, 0.7636356694221188, 4.427268702482998, 11.936352785133831, 0.0, 0.20909071900843726, 13.838169238027966, 653.8994055459949, 0.8899991909098266, 40.5590540372236, 280863.74466932303, 40403.599633091246, 63315.57880401927, 191571.8258437947, 0.0, 92223.91616007622, 73934849.0, 259131588.42857143
davidmichelman/countrotations:v62, false, true, 50, 493.213933418619, 640.0709713778776, 28.949979321443344, 0.6785709438778975, 3.1071406377566877, 12.807133709190209, 0.0, 0.22142841326541915, 13.78784729439479, 677.0995163574883, 0.8799993714290207, 41.291399077572095, 212095.84850296535, 39143.97204001997, 56152.81703370212, 176567.30245192684, 0.0, 79149.37203616284, 588553.7142857143, 260338732.7142857
davidmichelman/countrotations:v62, false, true, 50, 479.42822897983643, 569.5710217349845, 28.578551015320702, 0.7071423520411774, 2.921426484695368, 12.464276811230848, 0.0, 0.22142841326541915, 13.736418759700884, 696.5630738835188, 0.8799993714290207, 41.89068436379688, 203269.56909316493, 39007.97213716276, 73716.51877391516, 156391.60257742673, 0.0, 73573.37601901713, 427429.28571428574, 260501141.57142857
davidmichelman/countrotations:v62, false, true, 70, 495.0710749492322, 655.213817704416, 29.45712181634156, 0.6357138316329776, 3.9999971428591836, 11.892848647965254, 0.0, 0.22142841326541918, 13.684990225006981, 719.362343312612, 0.8799993714290207, 42.56782673726662, 270894.94936075044, 40479.97108573494, 68761.0937420759, 171899.30578621017, 0.0, 75411.66042024257, 83510691.42857143, 242128532.57142857
davidmichelman/countrotations:v62, false, true, 50, 493.1425048982108, 627.7138373472591, 28.72855090817792, 0.6857137959187174, 2.9499978928586477, 12.785705153067749, 0.0, 0.22142841326541915, 13.634275975517163, 742.559469600379, 0.8699993785718722, 43.26711195206289, 212851.84796296575, 38795.97228859123, 56600.530999620714, 196089.00279356944, 0.0, 78290.80122085627, 209790.0, 260719351.7142857
davidmichelman/countrotations:v62, false, true, 50, 488.6425081124942, 638.8566865309382, 28.742836612259566, 0.6928566479595374, 2.992855005103568, 12.785705153067749, 0.0, 0.22142841326541915, 13.58427601123142, 761.368027594266, 0.8699993785718722, 43.85496867502237, 215007.2749948036, 38939.97218573416, 55522.8174837018, 187085.58065315668, 0.0, 76443.08825493696, 259026.42857142858, 260669687.14285713
davidmichelman/countrotations:v62, false, true, 50, 486.07108137779903, 649.9995357146173, 28.271408377565447, 0.6857137959187174, 3.085712081634228, 12.607133852047248, 0.0, 0.21428556122459916, 13.533561761741604, 780.1137284901938, 0.8699993785718722, 44.39853971532878, 216658.4166725595, 39303.97192573434, 52511.962491455364, 214400.98971357878, 0.0, 76472.80251942677, 157556.57142857142, 260768730.85714287
davidmichelman/countrotations:v62, false, true, 70, 457.78538729615195, 652.0709628064551, 20.65712810205136, 0.5928567193880575, 4.1142827755123035, 17.68570165307025, 0.0, 0.23999952000096, 13.484990367864023, 802.7329980478586, 0.8614279561228884, 45.033539261757674, 261556.0988885008, 51858.820100842786, 61547.09889492936, 264459.23967197165, 0.0, 75165.44966910066, 0.0, 9180000.0
davidmichelman/countrotations:v62, false, true, 50, 467.4541204962541, 604.9994500005, 27.86361103308088, 0.7727265702485727, 3.28181519834982, 12.399988727282976, 0.0, 0.20909071900843726, 13.439078691746646, 823.5001604543996, 0.859999218182529, 45.69450391408735, 213096.89718463892, 39192.6916430076, 72532.29769791118, 184798.74109205356, 0.0, 77143.56623312162, 221492.57142857142, 260706079.2857143
davidmichelman/countrotations:v62, false, true, 70, 480.28537122473483, 714.2852040819971, 29.185693438790402, 0.6499995357146174, 4.107139923471484, 11.77856301531213, 0.0, 0.2428569693878791, 13.392133291333364, 845.1015392131862, 0.8599993857147245, 46.36853830818691, 279585.2288676937, 39983.9714400204, 61281.09908492923, 181981.29858478674, 0.0, 75670.51737820187, 96106083.42857143, 233366589.0
davidmichelman/countrotations:v62, false, true, 70, 489.7853644390254, 655.570960306457, 29.235693403076148, 0.6642852397962575, 4.0571399591857435, 11.892848647965252, 0.0, 0.22142841326541915, 13.340704756639463, 871.3515204631996, 0.8571422448983965, 47.17425201839142, 273549.5188932008, 38730.82947797894, 59797.671573091735, 161374.45616110275, 0.0, 90188.22129412765, 79666824.85714285, 243477468.0
davidmichelman/countrotations:v62, false, true, 70, 501.4987462531344, 660.7483481291298, 26.624933437666407, 1.2499968750078125, 6.099984750038125, 10.974972562568595, 0.0, 0.24999937500156252, 13.30246674383314, 891.5452711368222, 0.8499978750053125, 47.99738000654999, 315919.21020197455, 39099.90225024438, 58828.85292786769, 160016.59995850013, 0.0, 78758.80310299226, 17221332.85714286, 106637796.14285715
davidmichelman/countrotations:v62, false, true, 50, 484.99965357167605, 624.4281254084818, 28.799979428586123, 0.7285709081636372, 2.992855005103568, 12.671419520414627, 0.0, 0.23571411734705913, 13.264990525006766, 908.7593508861779, 0.8499993928575763, 48.60210814135133, 216887.84508011065, 38549.972464305385, 56976.81644513111, 178875.30080335657, 0.0, 78209.37270759093, 138147.57142857142, 260789567.0
davidmichelman/countrotations:v62, false, true, 50, 498.4282154084176, 633.8566901023643, 28.914265061239238, 0.6928566479595374, 3.185712010205707, 12.735705188782006, 0.0, 0.21428556122459916, 13.217133416333274, 926.6750523749624, 0.8499993928575763, 49.17567916022918, 217954.4157468459, 39191.972005734286, 59095.10064635668, 207235.56626030983, 0.0, 77679.37308616209, 1085770.2857142857, 259842229.7142857
davidmichelman/countrotations:v62, false, true, 70, 495.1425034696404, 685.2137962758599, 29.78569301021928, 0.6571423877554375, 4.007139994900004, 11.56427745408753, 0.0, 0.28571408163279877, 13.167847737251616, 948.8707508066066, 0.8428565408167565, 49.85425010410707, 273070.090664221, 38639.97240001972, 59614.52884676511, 2695.99807428709, 0.0, 90177.3641590256, 103474422.0, 232796730.85714287
davidmichelman/countrotations:v62, false, true, 70, 497.14250204107, 681.713798775858, 29.51426463266812, 0.6642852397962575, 4.028568551022464, 11.871420091842793, 0.0, 0.22857126530623914, 13.119990628578126, 974.180018442844, 0.8399994000004286, 50.602106712780916, 276474.37394687574, 38947.972180019875, 62449.38396472574, 168480.16537131046, 0.0, 89476.79323086198, 90660819.85714285, 239757192.0
davidmichelman/countrotations:v62, false, true, 70, 492.2139341329042, 701.2852133677047, 29.49997892858648, 0.7142852040819972, 3.964282882655084, 11.942848612250994, 0.0, 0.23571411734705908, 13.072133519904629, 998.8828579408157, 0.8399994000004286, 51.35424903267926, 270700.9494993218, 46950.53789247294, 54278.53265819096, 173069.5906645781, 0.0, 78879.0865149382, 85872470.14285715, 238839681.85714287
davidmichelman/countrotations:v62, false, true, 50, 490.713935204332, 614.6424181125585, 28.699979500014646, 0.6857137959187174, 2.964283596940288, 12.564276739802331, 0.0, 0.22142841326541918, 13.023562126027052, 1019.9085572081734, 0.8364279739800186, 51.99496286074081, 219771.5573060305, 38715.97234573404, 59029.67212166277, 180085.01422498983, 0.0, 76312.51691963077, 90196.14285714286, 260836629.14285713
davidmichelman/countrotations:v62, false, true, 50, 485.57108173494163, 579.1424434696833, 28.65712238776972, 0.7285709081636372, 3.085712081634228, 12.599991000006428, 0.0, 0.2071427091837792, 12.977133587761726, 1037.047830680121, 0.8299994071432806, 52.56567673880234, 206571.5667345952, 38779.972300019785, 55462.81752655891, 173279.30480049658, 0.0, 77573.94459003958, 803481.4285714285, 260124375.85714287
davidmichelman/countrotations:v62, false, true, 50, 492.4282196941288, 653.0709620921699, 28.799979428586123, 0.6785709438778975, 2.9714264489811075, 12.728562336741188, 0.0, 0.1999998571429592, 12.932847905108638, 1053.763533026048, 0.8299994071432806, 53.050676392374015, 226394.40971827877, 54014.24713268062, 66982.80929799336, 199761.2858847958, 0.0, 75971.37430616122, 1099756.2857142857, 259827815.14285713
davidmichelman/countrotations:v62, false, true, 50, 492.9996478573944, 613.0709906635781, 28.12140848470823, 0.7214280561228175, 3.171426306124067, 12.807133709190207, 0.0, 0.22142841326541915, 12.887133652047392, 1070.393521147485, 0.8299994071432806, 53.54139032757835, 226486.9810807278, 38617.40098757073, 54027.104266354094, 168643.59382600442, 0.0, 75587.66029452837, 434422.28571428574, 260493577.7142857
davidmichelman/countrotations:v62, false, true, 70, 484.12439484450647, 666.3741670322912, 27.53746557816803, 0.8874988906263868, 5.312493359383301, 11.612485484393144, 0.0, 0.212499734375332, 12.849983937520078, 1087.6423904470118, 0.8199989750012814, 54.18868226414717, 273749.15781355277, 38691.95163506046, 61727.92284009645, 167345.79081776147, 0.0, 75039.40620074225, 41850679.428571425, 193227449.0
davidmichelman/countrotations:v62, false, true, 50, 483.99903200193603, 699.3986012027976, 26.3999472001056, 1.2999974000052004, 4.27999144001712, 11.679976640046721, 0.0, 0.27999944000112, 12.817974364051274, 1102.775794448411, 0.81999836000328, 54.8478903042194, 254565.0908698183, 39359.12128175744, 56047.08790582419, 197939.60412079177, 0.0, 77987.04402591195, 2466388.285714286, 137814738.57142857
davidmichelman/countrotations:v62, false, true, 50, 486.92822362269743, 593.2138619900986, 28.592836719402342, 0.7214280561228174, 3.092854933675048, 12.592848147965608, 0.0, 0.22142841326541915, 12.782848012251423, 1116.433488261794, 0.8199994142861329, 55.30567478166088, 225894.4100754214, 39203.97199716286, 58995.9578600301, 184064.43995397148, 0.0, 76454.23110412064, 102326.14285714286, 260825673.85714287
davidmichelman/countrotations:v62, false, true, 70, 493.3567904594354, 730.9994778575158, 29.421407556137464, 0.6642852397962575, 4.099997071430663, 11.699991642863111, 0.0, 0.22857126530623914, 12.737133759190172, 1136.4749025179267, 0.8199994142861329, 55.95710288778365, 263510.6689209508, 38935.972188591295, 74935.37504616068, 189296.7219309129, 0.0, 77676.8016594274, 93265926.42857143, 233509303.2857143
davidmichelman/countrotations:v62, false, true, 70, 478.24960145866544, 644.4161296532253, 28.827246520684984, 0.7636356694221188, 4.627268520664981, 11.599989454555041, 0.0, 0.23636342148779865, 12.69332275556437, 1158.7823676813603, 0.8099993250005628, 56.61411948823376, 266285.9397400548, 39191.96437094148, 56843.94832368335, 163177.66983848196, 0.0, 75901.0219081619, 90713481.71428572, 237496740.14285713
davidmichelman/countrotations:v62, false, true, 70, 497.3990052019896, 643.7987124025752, 27.139945720108564, 1.2199975600048802, 5.819988360023281, 11.31997736004528, 0.0, 0.25999948000104, 12.657974684050632, 1177.1336457327086, 0.8099983800032402, 57.30588538822922, 273836.2523274954, 38651.92269615461, 63511.07297785405, 191874.01625196752, 0.0, 76305.44738910523, 9852725.0, 126753084.14285715
davidmichelman/countrotations:v62, false, true, 50, 497.2139305614782, 640.7138280615515, 28.785693724504483, 0.7214280561228175, 3.071426377552588, 12.949990750006608, 0.0, 0.22142841326541915, 12.62284812653706, 1193.4834332261194, 0.8099994214289851, 57.889244364825444, 216975.55930317193, 38643.97239716257, 59394.52900390785, 195163.86059724243, 0.0, 72757.37660187385, 263307.85714285716, 260664692.14285713
davidmichelman/countrotations:v62, false, true, 70, 487.18137528965883, 690.2720997526366, 29.036337239693417, 0.8454537768602031, 4.33635969421846, 11.527262247943412, 0.0, 0.2999997272729752, 12.580897653729405, 1211.2307170629847, 0.8099992636370335, 58.441765052940866, 257798.31109244446, 38781.78292565189, 60607.581265835215, 187020.1936180058, 0.0, 73590.11491807735, 74377691.14285715, 229465779.0
davidmichelman/countrotations:v62, false, true, 50, 498.9996435716832, 628.3566940309329, 28.564265311239065, 0.7285709081636373, 3.1714263061240677, 12.971419306129066, 0.0, 0.2428569693878791, 12.538562472455377, 1230.2498355358318, 0.8014279989800009, 59.034957832172964, 219261.55767031596, 50164.249882678654, 56537.102473498235, 183582.44029825693, 0.0, 73979.66144309897, 2046237.4285714286, 258881477.14285713
davidmichelman/countrotations:v62, false, true, 70, 491.785363010455, 702.2137841330114, 29.39283614797418, 0.6642852397962575, 4.014282846940824, 11.942848612250991, 0.0, 0.2428569693878791, 12.495705360210454, 1249.27553623176, 0.7999994285718368, 59.58924315054061, 276735.8023315698, 39405.97185287725, 61621.38455615389, 170963.30645478112, 0.0, 90369.9354500461, 93344847.42857143, 238832974.2857143
davidmichelman/countrotations:v62, false, true, 50, 493.9996471431092, 624.4281254084818, 28.649979535728907, 0.7785708724493772, 3.1642834540832476, 12.999990714292347, 0.0, 0.21428556122459916, 12.451419677557375, 1268.7483794654433, 0.7999994285718368, 60.16781416584702, 224850.69653521676, 38699.9723571626, 56260.24552839605, 189017.8649872393, 0.0, 76321.08834207976, 1121877.0, 259805980.2857143
davidmichelman/countrotations:v62, false, true, 70, 495.4282175512732, 640.8566851023678, 29.5071217806273, 0.6071424234696975, 4.021425698981644, 11.542848897965072, 0.0, 0.25714267346951897, 12.408562565312456, 1287.9662228812692, 0.7992851433677548, 60.773528018908536, 266669.80952156463, 39867.97152287749, 59753.38589043865, 167348.45189396295, 0.0, 78003.08714065205, 94386233.57142857, 230190054.42857143
davidmichelman/countrotations:v62, false, true, 70, 477.78537301044787, 651.2138205615568, 29.65712167348452, 0.6714280918370774, 4.178568443879684, 11.364277596944573, 0.0, 0.2285712653062391, 12.365705453067534, 1310.3926354338319, 0.7899994357146887, 61.40352756890886, 265761.524456054, 38663.97238287687, 60348.8140365614, 160810.74227804123, 0.0, 75937.08861636528, 99043857.0, 224923897.2857143
davidmichelman/countrotations:v62, false, true, 70, 487.7688555624188, 650.4610381068937, 29.29997907144352, 0.6071424234696975, 4.278568372451162, 11.678563086740652, 0.0, 0.22142841326541915, 12.322134055618532, 1332.8619050986395, 0.7899994357146887, 62.05138424901127, 269147.8077515659, 43886.540081042804, 61001.670713092346, 159535.31461763242, 0.0, 78075.94423146841, 85394662.71428572, 233631038.57142857
davidmichelman/countrotations:v62, false, true, 50, 504.07106852066534, 610.9281350513321, 28.785693724504487, 0.7714280204085571, 3.1499977500016074, 12.871419377557588, 0.0, 0.2071427091837792, 12.280705513781779, 1351.6033202833426, 0.7899994357146887, 62.63495526074623, 209983.85001153572, 38631.40097757073, 70676.52094534218, 191984.14858275102, 0.0, 78415.65827452981, 2153986.714285714, 258774013.2857143
davidmichelman/countrotations:v62, false, true, 70, 493.9996471431092, 662.8566693880933, 29.321407627565982, 0.6642852397962575, 4.042854255104104, 11.735705903067212, 0.0, 0.2071427091837792, 12.239276971945017, 1369.7675930231478, 0.7857137244901967, 63.16995487860367, 266829.809407279, 44378.53972961448, 65138.52490105364, 159719.0287721223, 0.0, 75106.51778105873, 87251090.14285715, 237703533.42857143
davidmichelman/countrotations:v62, false, true, 70, 493.9996471431092, 682.3566554595318, 29.56426459695386, 0.6857137959187174, 4.121425627553124, 11.778563015312132, 0.0, 0.2428569693878791, 12.198562715312349, 1391.7904344354038, 0.7799994428575409, 63.802097284216245, 279987.51429463265, 38635.40097471359, 63307.954780032305, 179822.4429839693, 0.0, 78437.94397289716, 89325299.71428572, 244581505.57142857
AGENT_IMAGE, DISABLE_LOG_TRACKING, DISABLE_PYTHON_LOG_TRACKING, LOG_WRITER_REPLICAS, allup_pod_cpu_agg, allup_pod_mem_agg, cpu_usage_fbit_agg, cpu_usage_fluentd_supervisor_agg, cpu_usage_fluentd_worker_agg, cpu_usage_mdsd_agg, cpu_usage_python_agg, cpu_usage_telegraf_agg, disk_kb_read_per_sec_agg, disk_kb_write_per_sec_agg, disk_reads_per_sec_agg, disk_writes_per_sec_agg, mem_usage_fbit_agg, mem_usage_fluentd_supervisor_agg, mem_usage_fluentd_worker_agg, mem_usage_mdsd_agg, mem_usage_python_agg, mem_usage_telegraf_agg, kusto_bytes_lost_per_minute, kusto_bytes_sent_per_minute
davidmichelman/countrotations:v62, false, true, 10, 116.85705938781473, 362.92831219406276, 11.149992035719974, 0.8153839881661631, 1.8384601242614431, 2.8846131656821807, 0.0, 0.2692305621303369, 1484.272511233921, 15629.233121976338, 43.614254561246746, 94.0920756485174, 110698.49235821975, 38459.66272333637, 48208.578301093614, 73808.86630087208, 0.0, 71891.02162229107, 0.0, 58858272.0
davidmichelman/countrotations:v62, false, true, 10, 146.7856094388504, 377.85687295937646, 10.4428496836788, 0.6785709438778973, 1.5428560408171137, 2.5142839183686303, 0.0, 0.15714274489803937, 570.0495928217194, 7472.331091192078, 16.77070230664121, 85.71779591586007, 119495.91464577525, 39103.97206859138, 49167.10773778019, 77786.51586677438, 0.0, 77409.37327901908, 1427.142857142857, 59528030.0
davidmichelman/countrotations:v62, false, true, 10, 185.64272454091105, 380.92829933692906, 10.32856405102568, 0.6428566836737971, 1.4714275204089136, 2.52856962245027, 0.0, 0.21428556122459916, 356.5061739241615, 5315.986202866998, 10.489992507148209, 84.00779713728777, 127838.48011537135, 39055.97210287707, 47115.96634573833, 73143.6620402414, 0.0, 75518.2317726916, 285.42857142857144, 59469231.71428572
